{
    "o:label": "IIIF Canvas",
    "o:resource_template_property": [
        {
            "o:alternate_label": null,
            "o:alternate_comment": null,
            "o:is_required": false,
            "data_type_name": null,
            "data_type_label": null,
            "vocabulary_namespace_uri": "http:\/\/purl.org\/dc\/terms\/",
            "vocabulary_label": "Dublin Core",
            "local_name": "title",
            "label": "Title"
        },
        {
            "o:alternate_label": null,
            "o:alternate_comment": null,
            "o:is_required": false,
            "data_type_name": null,
            "data_type_label": null,
            "vocabulary_namespace_uri": "http:\/\/purl.org\/dc\/terms\/",
            "vocabulary_label": "Dublin Core",
            "local_name": "description",
            "label": "Description"
        },
        {
            "o:alternate_label": "Canvas URI",
            "o:alternate_comment": null,
            "o:is_required": true,
            "data_type_name": "uri",
            "data_type_label": "URI",
            "vocabulary_namespace_uri": "http:\/\/purl.org\/dc\/terms\/",
            "vocabulary_label": "Dublin Core",
            "local_name": "identifier",
            "label": "Identifier"
        }
    ],
    "o:resource_class": {
        "vocabulary_namespace_uri": "http:\/\/iiif.io\/api\/presentation\/2#",
        "vocabulary_label": "Shared Canvas",
        "local_name": "Canvas",
        "label": "Canvas"
    }
}